{"cameraMode":{"drawMode":0,"name":"Shaded","section":"Shading Mode"},"sceneLighting":true,"audioPlay":false,"sceneViewState":{"showFog":true,"showMaterialUpdate":false,"showSkybox":true,"showFlares":true,"showImageEffects":true,"showParticleSystems":true},"in2DMode":false,"pivot":{"x":13.100000381469727,"y":0.0,"z":2.9600000381469728},"rotation":{"x":0.36628347635269167,"y":0.005579440854489803,"z":-0.002204198855906725,"w":0.9305340051651001},"size":35.76888656616211,"orthographic":false}